Extraction,2020,"Action, Thriller",6.8,7,114898,(2020)
Prisoners,2013,"Crime, Drama, Mystery",8.1,9,570788,(2013)
Moon,2009,"Drama, Mystery, Sci-Fi",7.9,8,326189,(2009)
Tom Clancy's Jack Ryan,2018,"Action, Drama, Thriller",8.1,8,80145,(2018– )
The Lobster,2015,"Comedy, Drama, Romance",7.2,10,205279,(2015)
The Killing of a Sacred Deer,2017,"Drama, Horror, Mystery",7,9,111341,(2017)
Nobody Speak: Trials of the Free Press,2017,Documentary,6.5,9,3471,(2017)
Operation Odessa,2018,Documentary,7.7,10,2839,(2018)
Paatal Lok,2020,"Crime, Drama, Thriller",7.5,9,25656,(2020– )
Thappad,2020,Drama,7.2,8,14152,(I) (2020)
Jarhead,2005,"Action, Biography, Drama",7,9,170970,(2005)
Requiem for a Dream,2000,Drama,8.3,9,739780,(2000)
Chloe,2009,"Drama, Mystery, Romance",6.3,8,67622,(2009)
The Lift Boy,2019,"Comedy, Drama",7.3,7,1424,(2019)
Spenser Confidential,2020,"Action, Comedy, Crime",6.2,7,54487,(2020)
The Interview,1998,"Thriller, Crime, Drama",7.1,9,7321,(1998)
Hasmukh,2020,"Comedy, Crime",5.3,6,2035,(2020– )
The Death of Stalin,2017,"Comedy, Drama, History",7.2,9,78811,(2017)
Tiger King,2020,"Documentary, Crime",7.6,9,55014,(2020)
Hardcore Henry,2015,"Action, Adventure, Sci-Fi",6.7,7,83350,(2015)
Sergio,2020,"Biography, Drama, History",6.1,6,5852,(2020)
Section 375,2019,"Drama, Mystery",8.1,9,9043,(2019)
The Cabin in the Woods,2011,Horror,7,8,361294,(2011)
Drive,2011,"Crime, Drama",7.8,9,551640,(I) (2011)
The Nice Guys,2016,"Action, Comedy, Crime",7.4,8,264016,(2016)
Defiance,2008,"Action, Drama, History",7.2,8,134718,(I) (2008)
An Inspector Calls,2015,"Crime, Drama, Mystery",7.7,8,8624,(2015 TV Movie)
Batla House,2019,"Action, Drama, Thriller",7.2,8,8372,(2019)
Don,2006,"Action, Crime, Thriller",7.2,9,33267,(I) (2006)
"The Mind, Explained",2019,Documentary,8.1,10,2982,(2019– )
Bhool Bhulaiyaa,2007,"Comedy, Horror, Mystery",7.3,9,20558,(2007)
Permanent Roommates,2014,"Comedy, Romance",8.6,9,20747,(2014– )
Garam Masala,2005,"Comedy, Romance",6.7,9,13183,(2005)
Molly's Game,2017,"Biography, Crime, Drama",7.4,9,128813,(2017)
There Will Be Blood,2007,Drama,8.2,8,495082,(2007)
The Siege of Jadotville,2016,"Action, Drama, History",7.2,9,28673,(2016)
Beasts of No Nation,2015,"Drama, War",7.7,9,70120,(2015)
Jawaani Jaaneman,2020,Comedy,6.7,7,4791,(2020)
The Banker,2020,Drama,7.2,9,10332,(2020)
Miss Sloane,2016,"Drama, Thriller",7.5,8,60133,(2016)
Knives Out,2019,"Comedy, Crime, Drama",7.9,9,310191,(2019)
Headshot,2016,"Action, Drama, Thriller",6.3,7,12106,(II) (2016)
The Hurricane Heist,2018,"Action, Adventure, Crime",5.1,1,17736,(2018)
The Night Comes for Us,2018,"Action, Thriller",7,9,18809,(2018)
The Blair Witch Project,1999,"Horror, Mystery",6.5,7,225215,(1999)
Coherence,2013,"Drama, Horror, Mystery",7.2,8,100180,(2013)
Hulchul,2004,"Action, Comedy, Drama",6.9,7,6327,(2004)
Om Shanti Om,2007,"Action, Comedy, Drama",6.7,7,37357,(2007)
Welcome,2007,"Comedy, Romance",6.8,9,17141,(I) (2007)
From Paris with Love,2010,"Action, Crime, Thriller",6.5,6,110248,(2010)
Outbreak,1995,"Action, Drama, Thriller",6.6,8,115703,(1995)
The Shawshank Redemption,1994,Drama,9.3,10,2245238,(1994)
Doctor Sleep,2019,"Drama, Fantasy, Horror",7.4,8,104059,(2019)
Léon: The Professional,1994,"Action, Crime, Drama",8.5,9,993845,(1994)
Bhagam Bhag,2006,"Comedy, Mystery, Thriller",6.4,8,10123,(2006)
Hotchpotch: Fun Unlimited,2006,"Action, Comedy, Drama",7.4,8,14433,(2006)
Kabhi Khushi Kabhie Gham...,2001,"Drama, Musical, Romance",7.4,7,42992,(2001)
Rab Ne Bana Di Jodi,2008,"Comedy, Drama, Music",7.2,8,42235,(2008)
Delhi Belly,2011,"Action, Comedy, Crime",7.6,9,26290,(2011)
A Clockwork Orange,1971,"Crime, Drama, Sci-Fi",8.3,9,731356,(1971)
Burning,2018,"Drama, Mystery",7.5,8,41118,(2018)
Altered Carbon,2018,"Action, Drama, Sci-Fi",8.1,8,132726,(2018– )
Shrek 2,2004,"Animation, Adventure, Comedy",7.2,9,405661,(2004)
Jaane Tu... Ya Jaane Na,2008,"Comedy, Drama, Romance",7.5,8,24538,(2008)
Kal ho naa ho,2003,"Comedy, Drama, Romance",8,9,60981,(2003)
Good Newwz,2019,"Comedy, Drama",7.1,9,11781,(2019)
The Lives of Others,2006,"Drama, Mystery, Thriller",8.4,10,344805,(2006)
Shot Caller,2017,"Crime, Drama, Thriller",7.3,9,67171,(2017)
Pati Patni Aur Woh,2019,"Comedy, Romance",5.8,6,4754,(2019)
Memories of Murder,2003,"Action, Crime, Drama",8.1,10,123207,(2003)
The Other Guys,2010,"Action, Comedy, Crime",6.6,7,235053,(2010)
The Raid: Redemption,2011,"Action, Thriller",7.6,10,185014,(2011)
MI-5,2015,"Action, Drama, Thriller",6.2,5,20638,(2015)
The Handmaiden,2016,"Drama, Romance, Thriller",8.1,9,99670,(2016)
Legend,2015,"Biography, Crime, Drama",6.9,8,151012,(I) (2015)
Motichoor Chaknachoor,2019,"Comedy, Romance",5.8,8,1801,(2019)
Rock On!!,2008,"Drama, Music",7.8,9,20203,(2008)
6 Days,2017,"Action, Drama, History",6.2,6,16846,(I) (2017)
Uncut Gems,2019,"Crime, Drama, Thriller",7.5,9,170181,(2019)
The Breadwinner,2017,"Animation, Drama, Family",7.7,9,17976,(2017)
Spider-Man: Far from Home,2019,"Action, Adventure, Sci-Fi",7.5,7,292329,(2019)
Ad Astra,2019,"Adventure, Drama, Mystery",6.6,8,165533,(2019)
Snowpiercer,2013,"Action, Drama, Sci-Fi",7.1,9,290206,(2013)
Parasite,2019,"Comedy, Drama, Thriller",8.6,10,416109,(2019)
Bird Box,2018,"Drama, Horror, Sci-Fi",6.6,7,259389,(2018)
Jamtara: Sabka Number Ayega,2020,Crime,7.4,9,3231,(2020– )
The Company Men,2010,Drama,6.7,7,42625,(2010)
Kidnapping Mr. Heineken,2015,"Action, Crime, Drama",6.1,7,18820,(2015)
Lawless,2012,"Crime, Drama",7.3,8,222399,(2012)
Righteous Kill,2008,"Crime, Drama, Mystery",6,7,83080,(2008)
6 Underground,2019,"Action, Comedy, Thriller",6.1,7,122087,(2019)
The Irishman,2019,"Biography, Crime, Drama",7.9,8,291556,(2019)
The Greatest Showman,2017,"Biography, Drama, Musical",7.6,7,220901,(2017)
The Lost City of Z,2016,"Biography, Drama, History",6.6,8,74431,(2016)
Yeh Meri Family,2018,"Comedy, Drama, Family",9.2,10,17650,(2018– )
Making a Murderer,2015,"Documentary, Crime",8.6,10,83145,(2015– )
Sacred Games,2018,"Action, Crime, Drama",8.7,9,67348,(2018– )
TVF Pitchers,2015,"Comedy, Drama",9.2,10,48707,(2015)
Last Week Tonight with John Oliver,2014,"Comedy, News, Talk-Show",8.9,10,74606,(2014– )
Game Over,2019,"Drama, Thriller",7.1,8,5236,(I) (2019)
When Harry Met Sejal,2017,"Comedy, Drama, Romance",5.3,5,17922,(2017)
Gurgaon,2016,"Crime, Thriller",6.6,8,1479,(2016)
Rounders,1998,"Crime, Drama",7.3,7,139606,(1998)
The King,2019,"Biography, Drama, History",7.2,8,73867,(I) (2019)
American History X,1998,Drama,8.5,9,1003118,(1998)
Bala,2019,Comedy,7.4,10,9536,(2019)
Dev.D,2009,"Drama, Romance",8,8,27642,(2009)
The Witch,2015,"Drama, Horror, Mystery",6.9,7,183531,(2015)
Layer Cake,2004,"Action, Crime, Drama",7.3,9,162044,(2004)
Joker,2019,"Crime, Drama, Thriller",8.5,9,798422,(2019)
Mr. Nobody,2009,"Drama, Fantasy, Romance",7.8,8,209178,(2009)
IO,2019,"Adventure, Drama, Romance",4.7,5,29031,(2019)
Unlocked,2017,"Action, Drama, Mystery",6.2,6,27083,(I) (2017)
The Laundromat,2019,"Comedy, Crime, Drama",6.3,8,38365,(I) (2019)
In the Shadow of the Moon,2019,"Crime, Mystery, Sci-Fi",6.2,7,34293,(2019)
American Psycho,2000,"Comedy, Crime, Drama",7.6,9,464808,(2000)
Les Misérables,2012,"Drama, History, Musical",7.6,8,299750,(2012)
Salt,2010,"Action, Mystery, Thriller",6.4,7,288730,(2010)
Stree,2018,"Comedy, Horror",7.6,9,25259,(2018)
Uri: The Surgical Strike,2019,"Action, Drama, War",8.3,7,39536,(2019)
Harry Potter and the Goblet of Fire,2005,"Adventure, Family, Fantasy",7.7,10,522717,(2005)
Hell or High Water,2016,"Action, Crime, Drama",7.6,7,194100,(II) (2016)
El Camino: A Breaking Bad Movie,2019,"Action, Crime, Drama",7.4,8,164589,(2019)
Annihilation,2018,"Adventure, Drama, Horror",6.9,9,264622,(2018)
Babel,2006,Drama,7.4,10,282959,(I) (2006)
The Spy,2019,"Drama, History",7.9,10,24427,(2019)
Article 15,2019,"Crime, Drama, Mystery",8.2,10,19300,(2019)
Verónica,2017,Horror,6.2,7,33000,(I) (2017)
El Chapo,2017,"Crime, Drama",7.8,8,13154,(2017– )
Fargo,1996,"Crime, Drama, Thriller",8.1,8,593633,(1996)
Better Call Saul,2015,"Crime, Drama",8.7,9,293946,(2015– )
Hotel Mumbai,2018,"Action, Drama, History",7.6,9,46472,(2018)
John Wick: Chapter 2,2017,"Action, Crime, Thriller",7.5,7,344379,(2017)
Inside Look: The People v. O.J. Simpson - American Crime Story,2016,"Documentary, Short",8.4,9,21684,(2016)
The Red Sea Diving Resort,2019,"Drama, History, Thriller",6.5,7,20061,(2019)
Once Upon a Time... in Hollywood,2019,"Comedy, Drama",7.7,7,471820,(2019)
The Handmaid's Tale,2017,"Drama, Sci-Fi, Thriller",8.5,9,154103,(2017– )
Breaking Bad,2008,"Crime, Drama, Thriller",9.5,10,1357906,(2008–2013)
Polar,2019,"Action, Crime, Drama",6.3,5,68598,(I) (2019)
Rain Man,1988,Drama,8,8,460471,(1988)
Wild Wild Country,2018,"Documentary, Crime",8.2,9,21383,(2018)
Coincidence,2017,"Mystery, Thriller",7.2,9,9497,(2017)
Designated Survivor,2016,"Action, Drama, Mystery",7.5,8,70405,(2016–2019)
Ugly,2013,"Crime, Drama, Mystery",8,9,18817,(2013)
Chernobyl,2019,"Drama, History, Thriller",9.4,10,467204,(2019)
"Extremely Wicked, Shockingly Evil and Vile",2019,"Biography, Crime, Drama",6.6,7,69600,(2019)
Chopsticks,2019,"Comedy, Drama",6.4,7,3635,(2019)
Baazaar,2018,"Crime, Drama, Thriller",6.6,8,4270,(2018)
I Am Mother,2019,"Drama, Mystery, Sci-Fi",6.7,7,66522,(2019)
Fleabag,2016,"Comedy, Drama",8.7,10,74764,(2016–2019)
Captain Marvel,2019,"Action, Adventure, Sci-Fi",6.9,8,413086,(2019)
Thackeray,2019,"Biography, Drama",5.2,7,2647,(2019)
Vice,2018,"Biography, Comedy, Drama",7.2,10,108460,(I) (2018)
Pokémon Detective Pikachu,2019,"Adventure, Comedy, Family",6.6,7,125701,(2019)
John Wick: Chapter 3 - Parabellum,2019,"Action, Crime, Thriller",7.5,8,247012,(2019)
The Graduate,1967,"Comedy, Drama, Romance",8,9,247517,(1967)
Avengers: Endgame,2019,"Action, Adventure, Drama",8.4,9,722667,(2019)
Detective Byomkesh Bakshy!,2015,"Action, Mystery, Thriller",7.6,6,15303,(2015)
Blackmail,2018,"Comedy, Thriller",7.1,9,8318,(I) (2018)
The Americans,2013,"Crime, Drama, Mystery",8.4,9,78572,(2013–2018)
"Love, Death & Robots",2019,"Animation, Short, Comedy",8.5,10,84048,(2019– )
Mirage,2018,"Drama, Mystery, Romance",7.4,9,33876,(2018)
Await Further Instructions,2018,"Horror, Mystery, Sci-Fi",4.8,2,6534,(2018)
Badla,2019,"Crime, Drama, Mystery",7.9,9,19370,(2019)
The Invisible Guest,2016,"Crime, Mystery, Thriller",8.1,10,119091,(2016)
The Highwaymen,2019,"Biography, Crime, Drama",6.9,8,65861,(2019)
Masterminds,2016,"Biography, Comedy, Crime",5.8,6,48558,(I) (2016)
Good Will Hunting,1997,"Drama, Romance",8.3,10,825116,(1997)
No Country for Old Men,2007,"Crime, Drama, Thriller",8.1,9,817451,(2007)
Solo: A Star Wars Story,2018,"Action, Adventure, Sci-Fi",6.9,7,271264,(2018)
Train to Busan,2016,"Action, Horror, Thriller",7.5,8,140189,(2016)
Karthik Calling Karthik,2010,"Drama, Mystery, Thriller",7,10,10015,(2010)
Triple Frontier,2019,"Action, Adventure, Crime",6.4,9,97846,(2019)
Rustom,2016,"Crime, Drama, Thriller",7.1,8,22077,(2016)
Luka Chuppi,2019,"Comedy, Romance",6.3,8,7505,(I) (2019)
City of God,2002,"Crime, Drama",8.6,10,679141,(2002)
Mission: Impossible - Fallout,2018,"Action, Adventure, Thriller",7.7,8,273169,(2018)
Gully Boy,2019,"Drama, Musical",8.2,10,27265,(2019)
Decanted.,2016,Documentary,5.8,8,183,(2016)
SOMM 3,2018,Documentary,7,8,265,(2018)
SOMM: Into the Bottle,2015,Documentary,7.3,8,1560,(2015)
Somm,2012,Documentary,7,8,4228,(2012)
That '70s Show,1998,"Comedy, Romance",8.1,9,148790,(1998–2006)
Russian Doll,2019,"Adventure, Comedy, Drama",7.9,9,58852,(2019– )
Ant-Man and the Wasp,2018,"Action, Adventure, Comedy",7.1,7,287890,(2018)
Ex Machina,2014,"Drama, Mystery, Sci-Fi",7.7,9,455292,(2014)
Hacksaw Ridge,2016,"Biography, Drama, History",8.1,9,409077,(2016)
Sonu Ke Titu Ki Sweety,2018,"Comedy, Romance",7.1,8,18390,(2018)
Eternal Sunshine of the Spotless Mind,2004,"Drama, Romance, Sci-Fi",8.3,10,877564,(2004)
Murder on the Orient Express,2017,"Crime, Drama, Mystery",6.5,9,198818,(2017)
Parmanu: The Story of Pokhran,2018,"Action, Drama, History",7.7,8,19700,(2018)
Johnny the Traitor,2007,"Crime, Drama, Mystery",7.8,8,11079,(2007)
Pad Man,2018,"Comedy, Drama",7.9,9,19114,(2018)
Coco,2017,"Animation, Adventure, Family",8.4,9,340052,(I) (2017)
Oldboy,2003,"Action, Drama, Mystery",8.4,8,493496,(2003)
Khatta Meetha,2010,"Comedy, Crime, Drama",5.6,8,9143,(2010)
Narcos: Mexico,2018,"Crime, Drama",8.4,9,53154,(2018– )
Ocean's 8,2018,"Action, Comedy, Crime",6.2,7,170256,(2018)
Raanjhanaa,2013,"Drama, Romance",7.6,8,28333,(2013)
Parks and Recreation,2009,Comedy,8.6,9,197288,(2009–2020)
Johnny English Reborn,2011,"Action, Adventure, Comedy",6.3,7,116494,(2011)
Dhamaal,2007,"Action, Adventure, Comedy",7.3,8,12340,(2007)
Phir Hera Pheri,2006,"Comedy, Crime",6.8,10,15770,(2006)
Toilet: A Love Story,2017,"Comedy, Drama",7.2,9,16881,(2017)
Three,2016,"Drama, Mystery, Thriller",7.3,9,10940,(2016)
Bridge of Spies,2015,"Drama, History, Thriller",7.6,8,277365,(2015)
Dum Laga Ke Haisha,2015,"Comedy, Drama, Romance",7.5,9,16902,(2015)
Badhaai Ho,2018,"Comedy, Drama",8,9,25051,(2018)
Dunkirk,2017,"Action, Drama, History",7.9,8,518383,(2017)
The Office,2005,Comedy,8.9,9,360340,(2005–2013)
Zodiac,2007,"Crime, Drama, Mystery",7.7,10,432252,(2007)
Mirzapur,2018,"Action, Crime, Drama",8.5,10,25331,(2018– )
Crazy Rich Asians,2018,"Comedy, Drama, Romance",6.9,6,126537,(2018)
Johnny English Strikes Again,2018,"Action, Adventure, Comedy",6.2,7,57764,(2018)
Andhadhun,2018,"Crime, Thriller",8.3,10,61470,(2018)
Goodfellas,1990,"Biography, Crime, Drama",8.7,9,976709,(1990)
Scarface,1983,"Crime, Drama",8.3,9,710721,(1983)
Bohemian Rhapsody,2018,"Biography, Drama, Music",8,9,424563,(2018)
The Pianist,2002,"Biography, Drama, Music",8.5,9,696871,(2002)
The Hateful Eight,2015,"Crime, Drama, Mystery",7.8,9,489909,(2015)
Explained,2018,Documentary,8,9,5661,(2018– )
Ozark,2017,"Crime, Drama, Thriller",8.4,10,154953,(2017– )
Newton,2017,Drama,7.7,9,14988,(2017)
Deadpool 2,2018,"Action, Adventure, Comedy",7.7,9,451646,(2018)
Zeitgeist: Moving Forward,2011,Documentary,8.2,10,17256,(2011)
Zeitgeist: Addendum,2008,"Documentary, History, War",8.3,10,17601,(2008 Video)
Zeitgeist,2007,"Documentary, History",8.1,10,47487,(2007 Video)
Sanju,2018,"Biography, Drama",7.8,10,44878,(2018)
Moneyball,2011,"Biography, Drama, Sport",7.6,9,347923,(2011)
Raazi,2018,"Action, Drama, Thriller",7.8,9,22778,(2018)
Omerta,2017,"Action, Biography, Crime",7,9,704,(2017)
A Quiet Place,2018,"Drama, Horror, Sci-Fi",7.5,8,381721,(2018)
Avengers: Infinity War,2018,"Action, Adventure, Sci-Fi",8.5,9,777115,(2018)
Hindi Medium,2017,"Comedy, Drama",7.8,9,20900,(2017)
10 Cloverfield Lane,2016,"Drama, Horror, Mystery",7.2,8,279270,(2016)
Darkest Hour,2017,"Biography, Drama, Family",7.4,10,161266,(2017)
Sully,2016,"Biography, Drama",7.4,8,224942,(2016)
Red Sparrow,2018,"Action, Drama, Thriller",6.6,9,156142,(2018)
RocknRolla,2008,"Action, Crime, Thriller",7.3,8,228942,(2008)
Breathe,2017,"Biography, Drama, Romance",7.1,9,17428,(I) (2017)
Call Me by Your Name,2017,"Drama, Romance",7.9,10,192155,(2017)
Black Panther,2018,"Action, Adventure, Sci-Fi",7.3,10,582738,(2018)
The Adjustment Bureau,2011,"Romance, Sci-Fi, Thriller",7,8,236834,(2011)
The Shape of Water,2017,"Adventure, Drama, Fantasy",7.3,9,350771,(2017)
Sicario,2015,"Action, Crime, Drama",7.6,9,354568,(2015)
Saving Private Ryan,1998,"Drama, War",8.6,8,1187476,(1998)
Thor: Ragnarok,2017,"Action, Adventure, Comedy",7.9,7,552701,(2017)
Shubh Mangal Savdhan,2017,"Comedy, Romance",6.9,9,8053,(2017)
BoJack Horseman,2014,"Animation, Comedy, Drama",8.7,10,97260,(2014–2020)
Mr. Robot,2015,"Crime, Drama, Thriller",8.5,10,314762,(2015–2019)
Baby Driver,2017,"Action, Crime, Drama",7.6,8,411977,(2017)
Aashiqui 2,2013,"Drama, Music, Musical",7,2,25641,(2013)
Everest,2015,"Action, Adventure, Biography",7.1,8,190723,(2015)
Kingsman: The Golden Circle,2017,"Action, Adventure, Comedy",6.7,8,256884,(2017)
Spider-Man: Homecoming,2017,"Action, Adventure, Sci-Fi",7.4,9,485246,(2017)
The 100,2014,"Drama, Mystery, Sci-Fi",7.7,8,194729,(2014– )
The Flash,2014,"Action, Adventure, Drama",7.7,8,296478,(2014– )
Modern Family,2009,"Comedy, Drama, Romance",8.4,9,330143,(2009–2020)
Stranger Things,2016,"Drama, Fantasy, Horror",8.8,10,742273,(2016– )
Black Mirror,2011,"Drama, Sci-Fi, Thriller",8.8,10,403177,(2011– )
Detective Jagga,2017,"Action, Adventure, Comedy",6.5,9,8558,(2017)
The Dark Tower,2017,"Action, Adventure, Fantasy",5.6,7,121062,(2017)
American Made,2017,"Action, Biography, Comedy",7.2,8,150393,(2017)
Star Wars: Episode VIII - The Last Jedi,2017,"Action, Adventure, Fantasy",7,9,539845,(2017)
Justice League,2017,"Action, Adventure, Fantasy",6.4,8,363493,(2017)
M.S. Dhoni: The Untold Story,2016,"Biography, Drama, Sport",7.7,8,30692,(2016)
Raees,2017,"Action, Crime, Drama",6.8,9,38757,(2017)
What Happened to Monday,2017,"Action, Adventure, Crime",6.9,10,96313,(2017)
Dangal,2016,"Action, Biography, Drama",8.4,10,142879,(2016)
The Magnificent Seven,2016,"Action, Adventure, Western",6.9,8,178884,(2016)
Trapped,2016,"Drama, Thriller",7.5,9,9349,(XVII) (2016)
Bareilly Ki Barfi,2017,"Comedy, Romance",7.5,9,17015,(2017)
Despicable Me 3,2017,"Animation, Adventure, Comedy",6.3,7,106302,(2017)
Wonder Woman,2017,"Action, Adventure, Fantasy",7.4,9,528069,(2017)
Logan,2017,"Action, Drama, Sci-Fi",8.1,9,616731,(2017)
Guardians of the Galaxy Vol. 2,2017,"Action, Adventure, Comedy",7.6,8,540392,(2017)
Jason Bourne,2016,"Action, Thriller",6.6,7,201621,(I) (2016)
Louis C.K. 2017,2017,Comedy,7.6,8,8606,(2017 TV Special)
Kong: Skull Island,2017,"Action, Adventure, Fantasy",6.6,8,258363,(2017)
Rick and Morty,2013,"Animation, Adventure, Comedy",9.2,10,339970,(2013– )
The Godfather,1972,"Crime, Drama",9.2,10,1548983,(1972)
Star Trek Beyond,2016,"Action, Adventure, Sci-Fi",7.1,7,220613,(2016)
Rogue One: A Star Wars Story,2016,"Action, Adventure, Sci-Fi",7.8,9,531339,(2016)
Hera Pheri,2000,"Action, Comedy, Crime",8.2,9,53092,(2000)
Kapoor & Sons,2016,"Comedy, Drama, Romance",7.7,8,21865,(2016)
Iqbal,2005,"Drama, Sport",8.1,9,15371,(2005)
Lion,2016,"Biography, Drama",8,10,202422,(2016)
Badrinath Ki Dulhania,2017,"Comedy, Drama, Romance",6.2,9,9345,(2017)
The Man from U.N.C.L.E.,2015,"Action, Adventure, Comedy",7.3,9,258106,(2015)
Jack Reacher: Never Go Back,2016,"Action, Thriller",6.1,8,131934,(2016)
Doctor Strange,2016,"Action, Adventure, Fantasy",7.5,9,569251,(2016)
Arrival,2016,"Drama, Mystery, Sci-Fi",7.9,9,565363,(II) (2016)
Moana,2016,"Animation, Adventure, Comedy",7.6,9,253348,(I) (2016)
Allied,2016,"Action, Drama, Romance",7.1,10,135823,(2016)
Jolly LLB 2,2017,"Comedy, Drama",7.2,9,20943,(2017)
The Grand Tour,2016,"Comedy, Talk-Show",8.7,9,59994,(2016– )
Lights Out,2016,"Drama, Horror, Mystery",6.3,8,109709,(II) (2016)
Swiss Army Man,2016,"Comedy, Drama, Fantasy",7,10,100848,(2016)
Hush,2016,"Horror, Thriller",6.6,9,93463,(I) (2016)
Passengers,2016,"Drama, Romance, Sci-Fi",7,7,334951,(I) (2016)
Sultan,2016,"Action, Drama, Sport",7,8,35698,(2016)
NH10,2015,"Action, Crime, Drama",7.2,8,11691,(2015)
Ghajini,2008,"Action, Drama, Mystery",7.3,8,54767,(2008)
Lootera,2013,"Drama, Romance",7.3,8,14216,(I) (2013)
Oye Lucky! Lucky Oye!,2008,"Comedy, Crime, Drama",7.7,9,15600,(2008)
Veer-Zaara,2004,"Drama, Family, Musical",7.8,10,47233,(2004)
Neerja,2016,"Biography, Drama, Thriller",7.7,7,19923,(2016)
Bajrangi Bhaijaan,2015,"Action, Comedy, Drama",8,8,68544,(2015)
Special 26,2013,"Crime, Drama, Thriller",8,8,48575,(2013)
Masaan,2015,Drama,8.1,9,21577,(2015)
Zindagi Na Milegi Dobara,2011,"Comedy, Drama",8.1,9,63985,(2011)
OMG: Oh My God!,2012,"Comedy, Drama, Fantasy",8.1,8,48512,(2012)
Swades,2004,Drama,8.2,9,79465,(2004)
Chak de! India,2007,"Drama, Family, Sport",8.2,9,70795,(2007)
Westworld,2016,"Drama, Mystery, Sci-Fi",8.7,10,400468,(2016– )
Dear Zindagi,2016,"Drama, Romance",7.6,9,34249,(2016)
Kahaani,2012,"Mystery, Thriller",8.1,9,55287,(2012)
Foxcatcher,2014,"Biography, Drama, Sport",7,9,131097,(2014)
Erin Brockovich,2000,"Biography, Drama",7.3,8,168417,(2000)
Mr. & Mrs. Smith,2005,"Action, Comedy, Crime",6.5,8,438149,(2005)
Luke Cage,2016,"Action, Crime, Drama",7.3,10,112395,(2016–2018)
Seinfeld,1989,Comedy,8.8,9,242345,(1989–1998)
Pink,2016,"Drama, Thriller",8.1,10,36377,(III) (2016)
Tanu Weds Manu,2011,"Comedy, Drama, Romance",6.8,10,12614,(2011)
Pyaar Ka Punchnama,2011,"Comedy, Drama, Romance",7.7,8,19075,(2011)
Shrek,2001,"Animation, Adventure, Comedy",7.8,10,594069,(2001)
Harry Potter and the Half-Blood Prince,2009,"Action, Adventure, Family",7.6,9,450713,(2009)
Udta Punjab,2016,"Action, Crime, Drama",7.8,9,25442,(2016)
Harry Potter and the Chamber of Secrets,2002,"Adventure, Family, Fantasy",7.4,9,527781,(2002)
Me Before You,2016,"Drama, Romance",7.4,10,195652,(2016)
Warcraft,2016,"Action, Adventure, Fantasy",6.8,8,236179,(2016)
Batman v Superman: Dawn of Justice,2016,"Action, Adventure, Sci-Fi",6.5,8,605734,(2016)
Captain America: Civil War,2016,"Action, Adventure, Sci-Fi",7.8,8,634903,(2016)
Suicide Squad,2016,"Action, Adventure, Fantasy",6,8,579044,(2016)
PK,2014,"Comedy, Drama, Fantasy",8.1,8,153348,(2014)
Black,2005,Drama,8.2,8,32478,(2005)
Gangs of Wasseypur,2012,"Action, Crime, Drama",8.2,10,75798,(2012)
Airlift,2016,"Drama, History",8,9,51123,(2016)
Khosla's Nest,2006,"Comedy, Crime, Drama",8.3,10,21384,(2006)
Like Stars on Earth,2007,"Drama, Family",8.4,10,157639,(2007)
The Revenant,2015,"Action, Adventure, Biography",8,7,674830,(2015)
Ice Age: Collision Course,2016,"Animation, Adventure, Comedy",5.7,10,53763,(2016)
Now You See Me,2013,"Crime, Mystery, Thriller",7.3,8,579266,(I) (2013)
Pompeii,2014,"Action, Adventure, Drama",5.5,7,104220,(I) (2014)
Inside Out,2015,"Animation, Adventure, Comedy",8.1,10,583027,(I) (2015)
X-Men: Apocalypse,2016,"Action, Adventure, Sci-Fi",6.9,8,380202,(2016)
P.S. I Love You,2007,"Comedy, Drama, Romance",7,10,196886,(2007)
Zootopia,2016,"Animation, Adventure, Comedy",8,9,414583,(2016)
London Has Fallen,2016,"Action, Thriller",5.9,7,139157,(2016)
12 Angry Men,1957,"Crime, Drama",8.9,10,657067,(1957)
Pyaar Ka Punchnama 2,2015,"Comedy, Drama, Romance",7.3,8,13499,(2015)
City of Revenge,2015,"Action, Crime, Drama",7.4,9,20770,(2015)
Tanu Weds Manu Returns,2015,"Comedy, Drama, Romance",7.6,8,25093,(2015)
Star Wars: Episode I - The Phantom Menace,1999,"Action, Adventure, Fantasy",6.5,7,706094,(1999)
Harry Potter and the Prisoner of Azkaban,2004,"Adventure, Family, Fantasy",7.9,9,524944,(2004)
Harry Potter and the Order of the Phoenix,2007,"Action, Adventure, Family",7.5,8,486564,(2007)
The Big Short,2015,"Biography, Comedy, Drama",7.8,10,341554,(2015)
Steve Jobs,2015,"Biography, Drama",7.2,9,148007,(2015)
The Judge,2014,"Crime, Drama",7.4,9,171096,(2014)
Jurassic Park III,2001,"Action, Adventure, Sci-Fi",5.9,7,287616,(2001)
Harry Potter and the Sorcerer's Stone,2001,"Adventure, Family, Fantasy",7.6,10,613247,(2001)
Inglourious Basterds,2009,"Adventure, Drama, War",8.3,10,1211858,(2009)
Harry Potter and the Deathly Hallows: Part 1,2010,"Adventure, Family, Fantasy",7.7,9,456048,(2010)
Cast Away,2000,"Adventure, Drama, Romance",7.8,9,503423,(2000)
Kung Fu Panda 3,2016,"Animation, Action, Adventure",7.1,8,127435,(2016)
The Departed,2006,"Crime, Drama, Thriller",8.5,10,1144506,(2006)
Deadpool,2016,"Action, Adventure, Comedy",8,9,872740,(2016)
Bajirao Mastani,2015,"Action, Drama, History",7.2,9,30220,(2015)
Wazir,2016,"Action, Crime, Drama",7.1,9,16643,(I) (2016)
Forrest Gump,1994,"Drama, Romance",8.8,10,1731298,(1994)
Up,2009,"Animation, Adventure, Comedy",8.2,10,900500,(2009)
3 Idiots,2009,"Comedy, Drama",8.4,10,325586,(2009)
Catch Me If You Can,2002,"Biography, Crime, Drama",8.1,9,784946,(2002)
Piku,2015,"Comedy, Drama",7.6,9,27331,(2015)
The Proposal,2009,"Comedy, Drama, Romance",6.7,9,286242,(I) (2009)
The Man in the High Castle,2015,"Drama, Sci-Fi, Thriller",8,9,79840,(2015–2019)
Star Wars: Episode VII - The Force Awakens,2015,"Action, Adventure, Sci-Fi",7.9,9,838409,(2015)
On Air with AIB,2015,Comedy,8.2,8,1451,(2015– )
Hotel Transylvania 2,2015,"Animation, Comedy, Family",6.7,7,101741,(2015)
Hotel Transylvania,2012,"Animation, Comedy, Family",7.1,8,216017,(2012)
Survivor,2015,"Action, Crime, Thriller",5.6,7,30241,(I) (2015)
Going Clear: Scientology & the Prison of Belief,2015,Documentary,8,9,35920,(2015)
Burnt,2015,"Comedy, Drama",6.6,8,102292,(I) (2015)
Easy A,2010,"Comedy, Drama, Romance",7.1,8,346626,(2010)
The Good Dinosaur,2015,"Animation, Adventure, Comedy",6.7,8,97902,(2015)
The Terminator,1984,"Action, Sci-Fi",8,8,775485,(1984)
Kai po che!,2013,"Drama, Sport",7.6,9,25863,(2013)
Tere Bin Laden,2010,"Comedy, Drama",7.2,8,9988,(2010)
Yeh Jawaani Hai Deewani,2013,"Drama, Musical, Romance",7.1,7,36533,(2013)
Spectre,2015,"Action, Adventure, Thriller",6.8,8,372423,(I) (2015)
Pixels,2015,"Action, Comedy, Fantasy",5.5,7,127189,(2015)
Baby,2015,"Action, Thriller",8,9,50959,(I) (2015)
Talvar,2015,"Crime, Drama, Mystery",8.2,10,28834,(2015)
Drishyam,2015,"Crime, Drama, Mystery",8.2,10,63275,(2015)
The Martian,2015,"Adventure, Drama, Sci-Fi",8,10,730625,(2015)
Kingsman: The Secret Service,2014,"Action, Adventure, Comedy",7.7,9,573462,(2014)
Star Wars: Episode III - Revenge of the Sith,2005,"Action, Adventure, Fantasy",7.5,10,687307,(2005)
Star Wars: Episode VI - Return of the Jedi,1983,"Action, Adventure, Fantasy",8.3,9,918221,(1983)
Star Wars: Episode II - Attack of the Clones,2002,"Action, Adventure, Fantasy",6.5,8,619165,(2002)
Star Wars: Episode V - The Empire Strikes Back,1980,"Action, Adventure, Fantasy",8.7,8,1119798,(1980)
Star Wars: Episode IV - A New Hope,1977,"Action, Adventure, Fantasy",8.6,9,1192290,(1977)
Jolly LLB,2013,"Comedy, Drama",7.5,9,16195,(2013)
Valkyrie,2008,"Drama, History, Thriller",7.1,9,222755,(2008)
Die Another Day,2002,"Action, Adventure, Thriller",6.1,9,199874,(2002)
Terminator 3: Rise of the Machines,2003,"Action, Sci-Fi",6.3,8,368813,(2003)
22 Jump Street,2014,"Action, Comedy, Crime",7,8,335865,(2014)
Mission: Impossible II,2000,"Action, Adventure, Thriller",6.1,9,304780,(2000)
Slumdog Millionaire,2008,"Drama, Romance",8,8,780033,(2008)
"Carry On, Munna Bhai",2006,"Comedy, Drama, Romance",8.1,10,41181,(2006)
The Intern,2015,"Comedy, Drama",7.1,9,208276,(I) (2015)
The Hunger Games: Mockingjay - Part 2,2015,"Action, Adventure, Sci-Fi",6.5,9,272807,(2015)
Maze Runner: The Scorch Trials,2015,"Action, Adventure, Sci-Fi",6.3,9,213428,(2015)
Hitman: Agent 47,2015,"Action, Crime, Thriller",5.7,8,83610,(2015)
Ant-Man,2015,"Action, Adventure, Comedy",7.3,8,545825,(2015)
Fargo,2014,"Crime, Drama, Thriller",8.9,10,302362,(2014– )
Jessica Jones,2015,"Action, Crime, Drama",8,9,186859,(2015–2019)
Friends,1994,"Comedy, Romance",8.9,10,764921,(1994–2004)
Narcos,2015,"Biography, Crime, Drama",8.8,10,332559,(2015–2017)
About Time,2013,"Comedy, Drama, Fantasy",7.8,8,285440,(I) (2013)
Twilight,2008,"Drama, Fantasy, Romance",5.2,9,411565,(I) (2008)
WALL·E,2008,"Animation, Adventure, Family",8.4,10,963269,(2008)
Million Dollar Arm,2014,"Biography, Drama, Sport",7,9,42451,(2014)
This Is Where I Leave You,2014,"Comedy, Drama",6.6,7,69385,(2014)
Insidious: Chapter 3,2015,"Horror, Mystery, Thriller",6.1,7,89383,(2015)
Terminator Genisys,2015,"Action, Adventure, Sci-Fi",6.4,5,252118,(2015)
Fifty Shades of Grey,2015,"Drama, Romance, Thriller",4.1,6,290583,(2015)
Avengers: Age of Ultron,2015,"Action, Adventure, Sci-Fi",7.3,7,713962,(2015)
Insurgent,2015,"Action, Adventure, Sci-Fi",6.2,7,210581,(2015)
Mission: Impossible - Rogue Nation,2015,"Action, Adventure, Thriller",7.4,8,330495,(2015)
Jurassic World,2015,"Action, Adventure, Sci-Fi",7,8,564063,(2015)
Minions,2015,"Animation, Adventure, Comedy",6.4,8,205482,(2015)
Mad Max: Fury Road,2015,"Action, Adventure, Sci-Fi",8.1,9,842241,(2015)
Lagaan: Once Upon a Time in India,2001,"Adventure, Drama, Musical",8.1,10,100705,(2001)
Kick-Ass 2,2013,"Action, Comedy, Crime",6.5,8,249037,(2013)
Pirates of the Caribbean: Dead Man's Chest,2006,"Action, Adventure, Fantasy",7.3,8,638703,(2006)
Dil Chahta Hai,2001,"Comedy, Drama, Romance",8.1,9,64364,(2001)
Serendipity,2001,"Comedy, Romance",6.9,9,101362,(2001)
Begin Again,2013,"Comedy, Drama, Music",7.4,8,137614,(II) (2013)
A Very Harold & Kumar Christmas,2011,"Adventure, Comedy",6.3,8,64180,(2011)
Daredevil,2015,"Action, Crime, Drama",8.6,9,348952,(2015–2018)
Scandal,2012,"Drama, Thriller",7.7,9,65631,(2012–2018)
The Babadook,2014,"Drama, Horror",6.8,7,187389,(2014)
The Maze Runner,2014,"Action, Mystery, Sci-Fi",6.8,7,404964,(2014)
Furious 7,2015,"Action, Adventure, Thriller",7.2,8,350187,(2015)
Focus,2015,"Comedy, Crime, Drama",6.6,9,208299,(II) (2015)
D-Day,2013,"Action, Thriller",7.2,9,8966,(I) (2013)
Exodus: Gods and Kings,2014,"Action, Drama, Fantasy",6,7,156297,(2014)
12 Monkeys,1995,"Mystery, Sci-Fi, Thriller",8,8,563106,(1995)
Whiplash,2014,"Drama, Music",8.5,9,677627,(2014)
The Hunger Games: Mockingjay - Part 1,2014,"Action, Adventure, Sci-Fi",6.6,9,399756,(2014)
Citizenfour,2014,"Documentary, Biography, News",8,9,50709,(2014)
The Fast and the Furious,2001,"Action, Crime, Thriller",6.8,8,337151,(2001)
Body of Lies,2008,"Action, Drama, Thriller",7.1,9,208224,(2008)
Borat: Cultural Learnings of America for Make Benefit Glorious Nation of Kazakhstan,2006,Comedy,7.3,7,343791,(2006)
Paan Singh Tomar,2012,"Action, Biography, Crime",8.2,9,31563,(2012)
The Day After Tomorrow,2004,"Action, Adventure, Sci-Fi",6.4,8,404817,(2004)
A Wednesday,2008,"Crime, Drama, Mystery",8.1,10,71584,(2008)
Hulk,2003,"Action, Sci-Fi",5.6,8,247083,(2003)
Rang De Basanti,2006,"Comedy, Drama",8.2,9,106955,(2006)
Constantine,2005,"Action, Fantasy, Horror",7,7,294879,(2005)
Hancock,2008,"Action, Fantasy",6.4,8,433045,(2008)
Agent Carter,2015,"Action, Adventure, Sci-Fi",7.9,9,70298,(2015–2016)
The Bourne Legacy,2012,"Action, Adventure, Thriller",6.7,8,278361,(2012)
Fast & Furious,2009,"Action, Thriller",6.6,9,255040,(2009)
Casino Royale,2006,"Action, Adventure, Thriller",8,9,564798,(2006)
Jab We Met,2007,"Comedy, Drama, Romance",7.9,9,45426,(2007)
Minority Report,2002,"Action, Crime, Mystery",7.6,9,492805,(2002)
Children of Men,2006,"Drama, Sci-Fi, Thriller",7.9,9,449490,(2006)
A Million Ways to Die in the West,2014,"Comedy, Western",6.1,8,167170,(2014)
Predestination,2014,"Action, Adventure, Drama",7.5,7,241443,(I) (2014)
The Dictator,2012,Comedy,6.4,8,264609,(2012)
The Theory of Everything,2014,"Biography, Drama, Romance",7.7,9,385293,(2014)
Dying of the Light,2014,"Action, Drama, Thriller",4.4,7,9398,(2014)
Jerry Maguire,1996,"Comedy, Drama, Romance",7.3,10,234002,(1996)
The Imitation Game,2014,"Biography, Drama, Thriller",8,10,658458,(2014)
John Wick,2014,"Action, Crime, Thriller",7.4,7,510525,(2014)
Interstellar,2014,"Adventure, Drama, Sci-Fi",8.6,10,1419174,(2014)
Taken 3,2014,"Action, Thriller",6,6,173915,(2014)
Big Hero 6,2014,"Animation, Action, Adventure",7.8,10,395986,(2014)
G.I. Joe: Retaliation,2013,"Action, Adventure, Sci-Fi",5.8,8,170197,(2013)
Munna Bhai M.B.B.S.,2003,"Comedy, Drama, Musical",8.1,10,70273,(2003)
Angels & Demons,2009,"Action, Mystery, Thriller",6.7,9,265245,(2009)
Men in Black 3,2012,"Action, Adventure, Comedy",6.8,8,326510,(2012)
American Sniper,2014,"Action, Biography, Drama",7.3,8,424070,(2014)
Talaash,2012,"Crime, Drama, Mystery",7.2,8,38011,(2012)
Madras Cafe,2013,"Action, Drama, Thriller",7.7,9,22054,(2013)
Vicky Donor,2012,"Comedy, Romance",7.8,8,37994,(2012)
Heroes,2006,Drama,7.5,8,8336,(I) (2006– )
Black Hawk Down,2001,"Drama, History, War",7.7,8,354844,(2001)
She's the Man,2006,"Comedy, Romance, Sport",6.3,8,142325,(2006)
Tomorrow Never Dies,1997,"Action, Adventure, Thriller",6.5,9,176352,(1997)
Bhaag Milkha Bhaag,2013,"Biography, Drama, Sport",8.2,9,58301,(2013)
2 States,2014,"Comedy, Drama, Romance",6.9,9,22635,(2014)
Speed,1994,"Action, Adventure, Thriller",7.2,9,318442,(1994)
The Social Network,2010,"Biography, Drama",7.7,8,600345,(2010)
The Da Vinci Code,2006,"Mystery, Thriller",6.6,9,389221,(2006)
Knight and Day,2010,"Action, Adventure, Comedy",6.3,7,175714,(2010)
Jurassic Park,1993,"Action, Adventure, Sci-Fi",8.1,8,831541,(1993)
The Usual Suspects,1995,"Crime, Mystery, Thriller",8.5,10,957163,(1995)
The Girl with the Dragon Tattoo,2011,"Crime, Drama, Mystery",7.8,9,407123,(2011)
Mardaani,2014,"Action, Crime, Drama",7.3,8,10995,(2014)
Holiday,2014,"Action, Thriller",7.2,8,24544,(2014)
Barfi!,2012,"Comedy, Drama, Romance",8.1,9,72807,(2012)
G.I. Joe: The Rise of Cobra,2009,"Action, Adventure, Sci-Fi",5.8,7,195828,(2009)
Queen,2013,"Adventure, Comedy, Drama",8.2,9,58159,(2013)
The Grudge,2004,"Horror, Mystery, Thriller",5.9,8,136393,(2004)
The Tourist,2010,"Action, Adventure, Crime",6,8,217500,(I) (2010)
Highway,2014,"Crime, Drama, Romance",7.7,9,25084,(I) (2014)
Men in Black,1997,"Action, Adventure, Comedy",7.3,8,502018,(1997)
Kick-Ass,2010,"Action, Comedy, Crime",7.6,8,514481,(2010)
The Last Samurai,2003,"Action, Drama, War",7.7,9,387524,(2003)
Teenage Mutant Ninja Turtles,2014,"Action, Adventure, Comedy",5.8,6,197249,(2014)
Men in Black II,2002,"Action, Adventure, Comedy",6.2,7,333553,(2002)
Zombieland,2009,"Adventure, Comedy, Fantasy",7.6,8,505164,(2009)
King Kong,2005,"Action, Adventure, Drama",7.2,9,381324,(2005)
Hasee Toh Phasee,2014,"Comedy, Romance",6.8,8,13009,(2014)
I Am Number Four,2011,"Action, Adventure, Sci-Fi",6.1,8,223782,(2011)
The Hangover,2009,Comedy,7.7,9,699574,(2009)
Prince of Persia: The Sands of Time,2010,"Action, Adventure, Fantasy",6.6,8,265708,(2010)
Spider-Man 2,2004,"Action, Adventure, Sci-Fi",7.3,9,527182,(2004)
The Incredible Hulk,2008,"Action, Adventure, Sci-Fi",6.7,8,422265,(2008)
Sherlock Holmes: A Game of Shadows,2011,"Action, Adventure, Mystery",7.5,9,410301,(2011)
Sinister,2012,"Horror, Mystery, Thriller",6.8,10,210704,(I) (2012)
X-Men,2000,"Action, Adventure, Sci-Fi",7.4,9,557577,(2000)
Paranormal Activity 4,2012,"Horror, Mystery, Thriller",4.6,8,60691,(2012)
The Hangover Part III,2013,"Comedy, Crime",5.8,7,285209,(2013)
No Strings Attached,2011,"Comedy, Romance",6.2,9,207348,(I) (2011)
RED,2010,"Action, Comedy, Crime",7,7,281400,(2010)
The Incredibles,2004,"Animation, Action, Adventure",8,9,636451,(2004)
Thor,2011,"Action, Adventure, Fantasy",7,9,723717,(2011)
Tangled,2010,"Animation, Adventure, Comedy",7.7,10,391287,(2010)
Ted,2012,Comedy,6.9,9,557799,(2012)
Ice Age: The Meltdown,2006,"Animation, Adventure, Comedy",6.8,9,248439,(2006)
The Twilight Saga: New Moon,2009,"Adventure, Drama, Fantasy",4.7,8,258012,(2009)
Gone Girl,2014,"Drama, Mystery, Thriller",8.1,10,819985,(2014)
Fury,2014,"Action, Drama, War",7.6,10,409496,(2014)
Sex Tape,2014,"Comedy, Romance",5.1,7,104952,(2014)
REC,2007,"Action, Adventure, Horror",7.4,9,160553,(2007)
The Hobbit: The Battle of the Five Armies,2014,"Adventure, Fantasy",7.4,8,459699,(2014)
Gotham,2014,"Action, Crime, Drama",7.8,9,205576,(2014–2019)
Annabelle,2014,"Horror, Mystery, Thriller",5.4,8,134864,(I) (2014)
Lucy,2014,"Action, Sci-Fi, Thriller",6.4,8,428393,(I) (2014)
Shark Tank,2009,"Family, Reality-TV",7.6,9,8250,(2009– )
Agents of S.H.I.E.L.D.,2013,"Action, Adventure, Drama",7.5,8,190671,(2013– )
Game of Thrones,2011,"Action, Adventure, Drama",9.3,10,1678521,(2011–2019)
Pulp Fiction,1994,"Crime, Drama",8.9,8,1758391,(1994)
Lost,2004,"Adventure, Drama, Fantasy",8.3,8,476606,(2004–2010)
Madagascar 3: Europe's Most Wanted,2012,"Animation, Adventure, Comedy",6.8,9,156965,(2012)
Insidious,2010,"Horror, Mystery, Thriller",6.8,8,268551,(I) (2010)
Spider-Man 3,2007,"Action, Adventure, Sci-Fi",6.2,8,484749,(2007)
Die Hard 2,1990,"Action, Thriller",7.2,8,326850,(1990)
The Fault in Our Stars,2014,"Drama, Romance",7.7,9,332657,(2014)
Guardians of the Galaxy,2014,"Action, Adventure, Comedy",8,9,1013507,(2014)
Kick,2014,"Action, Comedy",5.3,5,22997,(2014)
Divergent,2014,"Action, Adventure, Mystery",6.7,8,414958,(2014)
Objectified,2009,Documentary,7.1,7,3432,(2009)
Transformers: Age of Extinction,2014,"Action, Adventure, Sci-Fi",5.6,8,292701,(2014)
Edge of Tomorrow,2014,"Action, Adventure, Sci-Fi",7.9,9,578780,(2014)
Noah,2014,"Action, Adventure, Drama",5.8,7,238060,(2014)
The Bride of Humpty Sharma,2014,"Comedy, Drama, Romance",6,8,10510,(2014)
Kill Bill: Vol. 2,2004,"Action, Crime, Thriller",8,9,660118,(2004)
Kill Bill: Vol. 1,2003,"Action, Crime, Thriller",8.1,9,965462,(2003)
Orange Is the New Black,2013,"Comedy, Crime, Drama",8.1,8,271998,(2013–2019)
Halt and Catch Fire,2014,Drama,8.4,8,26372,(2014–2017)
Scrubs,2001,"Comedy, Drama",8.3,10,231217,(2001–2010)
How to Train Your Dragon 2,2014,"Animation, Action, Adventure",7.8,8,295241,(2014)
Transcendence,2014,"Action, Drama, Sci-Fi",6.3,8,211908,(I) (2014)
Transformers: Revenge of the Fallen,2009,"Action, Adventure, Sci-Fi",6,10,376731,(2009)
X-Men: The Last Stand,2006,"Action, Adventure, Sci-Fi",6.7,9,471848,(2006)
Transformers,2007,"Action, Adventure, Sci-Fi",7,10,585305,(2007)
Ek Villain,2014,"Action, Drama, Thriller",6.5,9,15630,(2014)
Dallas Buyers Club,2013,"Biography, Drama",8,9,424723,(2013)
Enemy of the State,1998,"Action, Thriller",7.3,9,221953,(1998)
Paranoia,2013,"Drama, Thriller",5.7,8,34268,(I) (2013)
The Italian Job,2003,"Action, Crime, Thriller",7,8,334375,(2003)
We're the Millers,2013,"Comedy, Crime",7,7,390509,(2013)
American Beauty,1999,Drama,8.3,9,1038833,(1999)
"Crazy, Stupid, Love.",2011,"Comedy, Drama, Romance",7.4,8,457863,(2011)
Remember Me,2010,"Drama, Romance",7.1,8,134163,(I) (2010)
The Notebook,2004,"Drama, Romance",7.8,10,501447,(2004)
Apocalypto,2006,"Action, Adventure, Drama",7.8,7,282477,(2006)
Oblivion,2013,"Action, Adventure, Sci-Fi",7,8,472808,(I) (2013)
Da Vinci's Demons,2013,"Adventure, Biography, Drama",8.5,9,1111,(2013–2015)
The Hunger Games,2012,"Action, Adventure, Sci-Fi",7.2,9,823155,(2012)
Batman Begins,2005,"Action, Adventure",8.2,9,1263146,(2005)
28 Days Later...,2002,"Drama, Horror, Sci-Fi",7.6,7,365796,(2002)
Ice Age: Dawn of the Dinosaurs,2009,"Animation, Adventure, Comedy",6.9,8,216394,(2009)
Fantastic 4: Rise of the Silver Surfer,2007,"Action, Adventure, Family",5.6,8,246063,(2007)
Gladiator,2000,"Action, Adventure, Drama",8.5,10,1291266,(2000)
X-Men: Days of Future Past,2014,"Action, Adventure, Sci-Fi",8,9,645314,(2014)
X2: X-Men United,2003,"Action, Sci-Fi, Thriller",7.4,8,500226,(2003)
Madagascar,2005,"Animation, Adventure, Comedy",6.9,8,353683,(2005)
[Rec] 2,2009,"Action, Adventure, Horror",6.5,9,66949,(2009)
Due Date,2010,"Comedy, Drama",6.5,8,315911,(2010)
Fast Five,2011,"Action, Adventure, Crime",7.3,8,344124,(2011)
The Hangover Part II,2011,Comedy,6.4,7,452073,(2011)
47 Ronin,2013,"Action, Drama, Fantasy",6.3,8,142162,(2013)
Wrath of the Titans,2012,"Action, Adventure, Fantasy",5.7,8,178146,(2012)
Poseidon,2006,"Action, Adventure, Thriller",5.7,7,95743,(2006)
Predators,2010,"Action, Adventure, Sci-Fi",6.4,7,207193,(2010)
12 Years a Slave,2013,"Biography, Drama, History",8.1,7,615739,(2013)
The Mist,2007,"Horror, Sci-Fi",7.1,8,273154,(2007)
Ice Age: Continental Drift,2012,"Animation, Adventure, Comedy",6.6,9,185657,(2012)
The A-Team,2010,"Action, Adventure, Thriller",6.7,8,241800,(2010)
The Exorcist,1973,Horror,8,7,350643,(1973)
Paranormal Activity: The Marked Ones,2014,"Horror, Mystery, Thriller",5,7,38786,(2014)
The Girl with the Dragon Tattoo,2009,"Crime, Drama, Mystery",7.8,10,204673,(2009)
Silver Linings Playbook,2012,"Comedy, Drama, Romance",7.7,8,645556,(2012)
Ice Age,2002,"Animation, Adventure, Comedy",7.5,9,427007,(2002)
Quantum of Solace,2008,"Action, Adventure, Thriller",6.6,8,394269,(2008)
Pacific Rim,2013,"Action, Adventure, Sci-Fi",6.9,9,456960,(2013)
Underworld: Evolution,2006,"Action, Fantasy, Sci-Fi",6.7,7,186017,(2006)
The Hunger Games: Catching Fire,2013,"Action, Adventure, Mystery",7.5,9,597823,(2013)
Terminator Salvation,2009,"Action, Adventure, Sci-Fi",6.5,9,336506,(2009)
Friends with Benefits,2011,"Comedy, Romance",6.5,8,331019,(2011)
The Amazing Spider-Man,2012,"Action, Adventure, Sci-Fi",6.9,8,546171,(2012)
The Croods,2013,"Animation, Action, Adventure",7.2,9,184835,(2013)
28 Weeks Later,2007,"Horror, Sci-Fi",7,7,252816,(2007)
The Transporter,2002,"Action, Crime, Thriller",6.8,7,279252,(2002)
Terminator 2: Judgment Day,1991,"Action, Sci-Fi",8.5,10,964193,(1991)
Monsters vs. Aliens,2009,"Animation, Action, Adventure",6.4,7,142798,(2009)
How the Universe Works,2010,Documentary,9,10,5101,(2010– )
Skyfall,2012,"Action, Adventure, Thriller",7.7,8,615736,(2012)
Hellboy II: The Golden Army,2008,"Action, Adventure, Fantasy",7,7,250874,(2008)
Fantastic Four,2005,"Action, Adventure, Family",5.7,8,305774,(I) (2005)
Rise of the Planet of the Apes,2011,"Action, Drama, Sci-Fi",7.6,8,487353,(2011)
Predator,1987,"Action, Adventure, Sci-Fi",7.8,8,360910,(1987)
Madagascar: Escape 2 Africa,2008,"Animation, Adventure, Comedy",6.6,8,197399,(2008)
Sherlock Holmes,2009,"Action, Adventure, Mystery",7.6,9,569617,(2009)
Die Hard with a Vengeance,1995,"Action, Adventure, Thriller",7.6,8,354277,(1995)
The Hobbit: An Unexpected Journey,2012,"Adventure, Family, Fantasy",7.8,9,741235,(2012)
One Hundred and One Dalmatians,1961,"Animation, Adventure, Comedy",7.2,9,147229,(1961)
"I, Frankenstein",2014,"Action, Fantasy, Sci-Fi",5.1,7,77078,(2014)
Silicon Valley,2014,Comedy,8.5,9,119124,(2014–2019)
Grave Encounters 2,2012,"Action, Adventure, Fantasy",5.1,7,22197,(2012)
Godzilla,2014,"Action, Adventure, Sci-Fi",6.4,8,367257,(2014)
Blood Diamond,2006,"Adventure, Drama, Thriller",8,9,484454,(2006)
Captain America: The Winter Soldier,2014,"Action, Adventure, Sci-Fi",7.7,10,711052,(2014)
500 Days of Summer,2009,"Comedy, Drama, Romance",7.7,8,459928,(2009)
Inside Job,2010,"Documentary, Crime",8.2,10,67702,(2010)
The Amazing Spider-Man 2,2014,"Action, Adventure, Sci-Fi",6.6,9,405994,(2014)
Grave Encounters,2011,"Adventure, Fantasy, Horror",6.1,8,50738,(2011)
Evil Dead,2013,"Fantasy, Horror, Thriller",6.5,6,152582,(2013)
Paranormal Activity 3,2011,"Horror, Mystery, Thriller",5.8,7,88294,(2011)
Transformers: Dark of the Moon,2011,"Action, Adventure, Sci-Fi",6.2,9,377550,(2011)
Kung Fu Panda 2,2011,"Animation, Action, Adventure",7.2,8,243960,(2011)
In Time,2011,"Action, Sci-Fi, Thriller",6.7,8,360226,(2011)
Monsters University,2013,"Animation, Adventure, Comedy",7.3,9,310414,(2013)
Spider-Man,2002,"Action, Adventure, Sci-Fi",7.3,9,669340,(2002)
RoboCop,2014,"Action, Crime, Sci-Fi",6.1,7,212189,(2014)
Mission: Impossible III,2006,"Action, Adventure, Thriller",6.9,9,320687,(2006)
Insidious: Chapter 2,2013,"Horror, Mystery, Thriller",6.6,7,149590,(2013)
300: Rise of an Empire,2014,"Action, Drama",6.2,8,274365,(2014)
Donnie Darko,2001,"Drama, Mystery, Sci-Fi",8,8,722537,(2001)
The Hobbit: The Desolation of Smaug,2013,"Adventure, Fantasy",7.8,9,586383,(2013)
Frozen,2013,"Animation, Adventure, Comedy",7.4,9,554990,(I) (2013)
The Mummy,1999,"Action, Adventure, Fantasy",7,7,380832,(1999)
The Twilight Saga: Breaking Dawn - Part 2,2012,"Adventure, Drama, Fantasy",5.5,7,223977,(2012)
Mission: Impossible - Ghost Protocol,2011,"Action, Adventure, Thriller",7.4,8,445287,(2011)
Thor: The Dark World,2013,"Action, Adventure, Fantasy",6.9,8,575782,(2013)
Cloudy with a Chance of Meatballs 2,2013,"Animation, Adventure, Comedy",6.4,7,86749,(2013)
Shooter,2007,"Action, Drama, Thriller",7.2,8,302818,(I) (2007)
Gone in 60 Seconds,2000,"Action, Crime, Thriller",6.5,8,254689,(2000)
The Wolf of Wall Street,2013,"Biography, Crime, Drama",8.2,9,1118632,(2013)
John Carter,2012,"Action, Adventure, Sci-Fi",6.6,7,250168,(2012)
The Devil Wears Prada,2006,"Comedy, Drama",6.9,9,358011,(2006)
X-Men Origins: Wolverine,2009,"Action, Adventure, Sci-Fi",6.6,7,456035,(2009)
Avatar,2009,"Action, Adventure, Fantasy",7.8,10,1092739,(2009)
The Darkest Hour,2011,"Action, Adventure, Horror",4.9,7,56729,(2011)
Kung Fu Panda,2008,"Animation, Action, Adventure",7.5,9,404785,(2008)
A Beautiful Mind,2001,"Biography, Drama",8.2,9,817730,(2001)
Iron Man,2008,"Action, Adventure, Sci-Fi",7.9,9,912177,(2008)
Despicable Me 2,2013,"Animation, Adventure, Comedy",7.3,8,360066,(2013)
Captain Phillips,2013,"Biography, Crime, Drama",7.8,9,407358,(2013)
The Thing,2011,"Horror, Mystery, Sci-Fi",6.2,7,118173,(I) (2011)
Man of Steel,2013,"Action, Adventure, Sci-Fi",7,8,673056,(2013)
Need for Speed,2014,"Action, Crime, Thriller",6.4,9,159929,(2014)
Clash of the Titans,2010,"Action, Adventure, Fantasy",5.8,8,265168,(2010)
The Lord of the Rings: The Fellowship of the Ring,2001,"Action, Adventure, Drama",8.8,10,1600037,(2001)
Sphere,1998,"Action, Mystery, Sci-Fi",6.1,8,97115,(1998)
Zero Dark Thirty,2012,"Drama, History, Thriller",7.4,10,263153,(2012)
Independence Day,1996,"Action, Adventure, Sci-Fi",7,8,514736,(1996)
Heroes,2006,"Drama, Fantasy, Sci-Fi",7.5,8,224603,(II) (2006–2010)
District 9,2009,"Action, Sci-Fi, Thriller",7.9,9,625828,(2009)
Live Free or Die Hard,2007,"Action, Thriller",7.1,8,381722,(2007)
Mission: Impossible,1996,"Action, Adventure, Thriller",7.1,9,375729,(1996)
Man on a Ledge,2012,"Action, Adventure, Crime",6.6,9,142338,(2012)
The Twilight Saga: Breaking Dawn - Part 1,2011,"Adventure, Drama, Fantasy",4.9,8,217018,(2011)
24,2001,"Action, Crime, Drama",8.3,9,167299,(2001–2010)
21 Jump Street,2012,"Action, Comedy, Crime",7.2,9,497791,(2012)
The Mummy Returns,2001,"Action, Adventure, Fantasy",6.3,7,294218,(2001)
Pirates of the Caribbean: At World's End,2007,"Action, Adventure, Fantasy",7.1,8,580115,(2007)
The Bourne Supremacy,2004,"Action, Mystery, Thriller",7.7,8,423401,(2004)
The Bourne Identity,2002,"Action, Mystery, Thriller",7.9,9,494419,(2002)
Final Destination,2000,"Horror, Thriller",6.7,6,222522,(2000)
Get Smart,2008,"Action, Adventure, Comedy",6.5,8,198518,(2008)
Hellboy,2004,"Action, Fantasy, Horror",6.8,7,300743,(2004)
The Twilight Saga: Eclipse,2010,"Adventure, Drama, Fantasy",5,7,220681,(2010)
Source Code,2011,"Action, Drama, Mystery",7.5,9,472459,(2011)
Escape Plan,2013,"Action, Thriller",6.7,8,221829,(2013)
Limitless,2011,"Sci-Fi, Thriller",7.4,9,514775,(I) (2011)
Fight Club,1999,Drama,8.8,10,1785811,(1999)
Iron Man 2,2010,"Action, Adventure, Sci-Fi",7,9,698854,(2010)
Homeland,2011,"Crime, Drama, Mystery",8.3,10,300491,(2011–2020)
Die Hard,1988,"Action, Thriller",8.2,8,760125,(1988)
The Bourne Ultimatum,2007,"Action, Mystery, Thriller",8,10,594075,(2007)
Pirates of the Caribbean: The Curse of the Black Pearl,2003,"Action, Adventure, Fantasy",8,9,994494,(2003)
The Lord of the Rings: The Return of the King,2003,"Adventure, Drama, Fantasy",8.9,10,1586492,(2003)
Real Steel,2011,"Action, Drama, Family",7.1,8,291213,(2011)
American Hustle,2013,"Crime, Drama",7.2,8,436587,(2013)
X-Men: First Class,2011,"Action, Adventure, Sci-Fi",7.7,9,632290,(2011)
Schindler's List,1993,"Biography, Drama, History",8.9,10,1167003,(1993)
The Lord of the Rings: The Two Towers,2002,"Adventure, Drama, Fantasy",8.7,9,1433322,(2002)
Da Vinci's Demons,2013,"Adventure, Biography, Drama",8,9,72059,(2013–2015)
House of Cards,2013,Drama,8.7,10,451765,(2013–2018)
Suits,2011,"Comedy, Drama",8.5,9,348048,(2011–2019)
Arrow,2012,"Action, Adventure, Crime",7.6,8,399506,(2012–2020)
The Walking Dead,2010,"Drama, Horror, Thriller",8.2,10,826738,(2010– )
"Monsters, Inc.",2001,"Animation, Adventure, Comedy",8,8,786225,(2001)
The Matrix,1999,"Action, Sci-Fi",8.7,9,1610880,(1999)
The Book Thief,2013,"Drama, War",7.6,9,124145,(2013)
Cosmos: A Spacetime Odyssey,2014,Documentary,9.3,10,105624,(2014)
Her,2013,"Drama, Romance, Sci-Fi",8,9,514177,(2013)
Mama,2013,"Horror, Thriller",6.2,7,165319,(I) (2013)
RED 2,2013,"Action, Adventure, Comedy",6.6,8,155481,(2013)
The Pursuit of Happyness,2006,"Biography, Drama",8,10,430881,(2006)
Argo,2012,"Biography, Drama, Thriller",7.7,10,558340,(2012)
Jobs,2013,"Biography, Drama",5.9,7,91913,(2013)
The Conjuring,2013,"Horror, Mystery, Thriller",7.5,10,424882,(2013)
2012,2009,"Action, Adventure, Sci-Fi",5.8,8,344055,(I) (2009)
Captain America: The First Avenger,2011,"Action, Adventure, Sci-Fi",6.9,8,715228,(2011)
Fast & Furious 6,2013,"Action, Adventure, Thriller",7.1,8,360263,(2013)
The Dark Knight,2008,"Action, Crime, Drama",9,10,2213745,(2008)
Elysium,2013,"Action, Drama, Sci-Fi",6.6,8,410761,(I) (2013)
V for Vendetta,2005,"Action, Drama, Sci-Fi",8.2,10,997518,(2005)
After Earth,2013,"Action, Adventure, Sci-Fi",4.8,7,187876,(2013)
The Dark Knight Rises,2012,"Action, Adventure",8.4,10,1463806,(2012)
The Wolverine,2013,"Action, Adventure, Sci-Fi",6.7,8,418852,(2013)
White House Down,2013,"Action, Drama, Thriller",6.4,8,201141,(2013)
The Avengers,2012,"Action, Adventure, Sci-Fi",8,10,1232411,(2012)
World War Z,2013,"Action, Adventure, Horror",7,9,584260,(2013)
Star Trek Into Darkness,2013,"Action, Adventure, Sci-Fi",7.7,10,456114,(2013)
Gravity,2013,"Drama, Sci-Fi, Thriller",7.7,10,748135,(2013)
The Matrix Revolutions,2003,"Action, Sci-Fi",6.8,9,435055,(2003)
The Matrix Reloaded,2003,"Action, Sci-Fi",7.2,9,500904,(2003)
300,2006,"Action, Drama",7.6,10,717292,(2006)
1408,2007,"Fantasy, Horror, Mystery",6.8,8,250147,(2007)
Johnny English,2003,"Action, Adventure, Comedy",6.2,8,143457,(2003)
Click,2006,"Comedy, Drama, Fantasy",6.4,8,297232,(2006)
Ocean's Eleven,2001,"Crime, Thriller",7.7,9,498475,(2001)
How to Train Your Dragon,2010,"Animation, Action, Adventure",8.1,10,644287,(2010)
Ratatouille,2007,"Animation, Adventure, Comedy",8,8,617206,(2007)
The Machinist,2004,"Drama, Thriller",7.7,9,346899,(2004)
The Prestige,2006,"Drama, Mystery, Sci-Fi",8.5,10,1137447,(2006)
National Treasure,2004,"Action, Adventure, Mystery",6.8,9,296757,(2004)
Knowing,2009,"Action, Drama, Mystery",6.2,9,216025,(2009)
Despicable Me,2010,"Animation, Comedy, Family",7.6,10,486690,(2010)
Shutter Island,2010,"Mystery, Thriller",8.1,10,1079630,(2010)
Se7en,1995,"Crime, Drama, Mystery",8.6,10,1382016,(1995)
Sherlock,2010,"Crime, Drama, Mystery",9.1,10,764263,(2010– )
How I Met Your Mother,2005,"Comedy, Romance",8.3,5,575469,(2005–2014)
Prison Break,2005,"Action, Crime, Drama",8.3,9,455302,(2005–2017)
Dexter,2006,"Crime, Drama, Mystery",8.6,9,623687,(2006–2013)
Inception,2010,"Action, Adventure, Sci-Fi",8.8,10,1968135,(2010)
World Trade Center,2006,"Drama, History, Thriller",5.9,8,76238,(2006)
The Numbers Station,2013,"Action, Thriller",5.6,6,18849,(2013)
The Host,2013,"Action, Adventure, Drama",5.9,7,108818,(2013)
Jack Reacher,2012,"Action, Thriller",7,7,298692,(2012)
Brave,2012,"Animation, Adventure, Comedy",7.1,8,360269,(2012)
Django Unchained,2012,"Drama, Western",8.4,10,1298974,(2012)
Star Trek,2009,"Action, Adventure, Sci-Fi",7.9,9,568907,(2009)
Iron Man 3,2013,"Action, Adventure, Sci-Fi",7.2,8,732568,(2013)
Wreck-It Ralph,2012,"Animation, Adventure, Comedy",7.7,10,367289,(2012)
Prometheus,2012,"Adventure, Mystery, Sci-Fi",7,8,556350,(I) (2012)
A Walk to Remember,2002,"Drama, Romance",7.4,10,194774,(2002)
Titanic,1997,"Drama, Romance",7.8,9,1011850,(1997)
Ocean's Twelve,2004,"Crime, Thriller",6.5,6,347729,(2004)
Ocean's Thirteen,2007,"Action, Crime, Thriller",6.9,7,311437,(2007)
